<?xml version="1.0" encoding="UTF-8" standalone="no"?>
<Context docBase="C:/Users/User05/Documents/AS232S3_T03-be/T03_BodegaLaEsquinita_P/src/main/webapp">
  <Resources cacheMaxSize="10240">
    <PreResources base="C:/Users/User05/Documents/AS232S3_T03-be/T03_BodegaLaEsquinita_P/target/classes" className="org.apache.catalina.webresources.DirResourceSet" webAppMount="/WEB-INF/classes"/>
    <PostResources base="C:/Users/User05/.m2/repository/com/google/code/gson/gson/2.8.9/gson-2.8.9.jar" className="org.apache.catalina.webresources.FileResourceSet" webAppMount="/WEB-INF/lib/gson-2.8.9.jar"/>
    <PostResources base="C:/Users/User05/.m2/repository/javax/servlet/jstl/1.2/jstl-1.2.jar" className="org.apache.catalina.webresources.FileResourceSet" webAppMount="/WEB-INF/lib/jstl-1.2.jar"/>
    <PostResources base="C:/Users/User05/.m2/repository/org/glassfish/web/javax.servlet.jsp.jstl/1.2.5/javax.servlet.jsp.jstl-1.2.5.jar" className="org.apache.catalina.webresources.FileResourceSet" webAppMount="/WEB-INF/lib/javax.servlet.jsp.jstl-1.2.5.jar"/>
    <PostResources base="C:/Users/User05/.m2/repository/javax/servlet/jsp/jstl/jstl-api/1.2/jstl-api-1.2.jar" className="org.apache.catalina.webresources.FileResourceSet" webAppMount="/WEB-INF/lib/jstl-api-1.2.jar"/>
    <PostResources base="C:/Users/User05/.m2/repository/javax/servlet/servlet-api/2.5/servlet-api-2.5.jar" className="org.apache.catalina.webresources.FileResourceSet" webAppMount="/WEB-INF/lib/servlet-api-2.5.jar"/>
    <PostResources base="C:/Users/User05/.m2/repository/javax/servlet/jsp/jsp-api/2.1/jsp-api-2.1.jar" className="org.apache.catalina.webresources.FileResourceSet" webAppMount="/WEB-INF/lib/jsp-api-2.1.jar"/>
    <PostResources base="C:/Users/User05/.m2/repository/xalan/xalan/2.7.2/xalan-2.7.2.jar" className="org.apache.catalina.webresources.FileResourceSet" webAppMount="/WEB-INF/lib/xalan-2.7.2.jar"/>
    <PostResources base="C:/Users/User05/.m2/repository/xalan/serializer/2.7.2/serializer-2.7.2.jar" className="org.apache.catalina.webresources.FileResourceSet" webAppMount="/WEB-INF/lib/serializer-2.7.2.jar"/>
    <PostResources base="C:/Users/User05/.m2/repository/xml-apis/xml-apis/1.3.04/xml-apis-1.3.04.jar" className="org.apache.catalina.webresources.FileResourceSet" webAppMount="/WEB-INF/lib/xml-apis-1.3.04.jar"/>
    <PostResources base="C:/Users/User05/.m2/repository/com/microsoft/sqlserver/mssql-jdbc/12.8.0.jre11/mssql-jdbc-12.8.0.jre11.jar" className="org.apache.catalina.webresources.FileResourceSet" webAppMount="/WEB-INF/lib/mssql-jdbc-12.8.0.jre11.jar"/>
  </Resources>
</Context>
